keyword,instance,sentence,instance_idx
flow,flow,"Granted there was some stuff I glanced over in the first reading like bipartite graph algorithms and getting an idea of max flow, but the rest of the class was cut and dry simple.",22
flow,flows,* Look at the way the data flows on the plots.,7
flow,flow,"** You *can* regenerate a new tmp/log files by creating a flow from scratch using 'new' data sources, but good luck recovering your existing saved steps from Prep when it's in the endless-loop state.",14
flow,flow,I think the TDI staff is excellent but there are numerous places where they could improve the Fellowship's overall daily flow as well as make it a bit more personal (especially for Online folks).,21
flow,Flow,"The ‚ÄúNormalizing Flow‚Äù (https://arxiv.org/pdf/1505.05770.pdf) paper even involves physics (Langevin Flow, stochastic differential equation) ‚Ä¶ each term seems to require a semester-long course to master.",3
flow,Flow,"The ‚ÄúNormalizing Flow‚Äù (https://arxiv.org/pdf/1505.05770.pdf) paper even involves physics (Langevin Flow, stochastic differential equation) ‚Ä¶ each term seems to require a semester-long course to master.",16
flow,flow,"* in the ideal world, I can query an **oracle** with ‚ÄúLangevin flow‚Äù.",18
flow,flowing,I‚Äôm sure the growing profit margins and money that‚Äôs flowing in from all our work is more than satisfactory for the company leadership / investors to not have any issues with all this.,13
flow,flows,"We are planning to grow this with various interesting topics including, optimisation, deep RL, probabilistic modelling, normalising flows, deep learning, and many others.",21
flow,flow,"&#x200B;

**Computer Vision**

* [UW The Ancient Secrets of CV](https://www.youtube.com/playlist?list=PLjMXczUzEYcHvw5YYSU92WrY8IwhTuq7p) (2018): Created by the first author of YOLO, this is likely the most well-rounded computer vision course as it not only teaches you the deep learning side of CV but  ""older"" methods like SIFT and optical flow as well.",68
flow,flow,"'s 2016 object rotation by appearance flow paper](https://arxiv.org/abs/1605.03557), which I use to rotate the face.",6
flow,Flow,"Here are some interesting papers selected for the oral sessions:

* [End to End Object Detection with Transformers](https://crossminds.ai/video/5f3b291e96cfcc9d075e35a0/) *(Facebook AI)*
* [In-Home Daily Life Captioning Using Radio Signals](https://crossminds.ai/video/5f3c191775714ac3c63b0d63/) *(MIT CSAIL)*
* [What Matters in Unsupervised Optical Flow](https://crossminds.ai/video/5f3b29af96cfcc9d075e35e0/) *(Google Research)*
* [Diffraction Line Imaging](https://crossminds.ai/video/5f3b62bc75714ac3c63b0ccb/) (*CMU Robotics Institue*)
* [MIRNet: Learning Enriched Features for Real Image Restoration and Enhancement](https://crossminds.ai/video/5f3b28e396cfcc9d075e357f/) (*IIAI, MBZUAI, etc.",60
flow,Flows,"If you're interested in Bosch and what we're doing in AI and ML, check out [https://www.bosch-ai.com/](https://www.bosch-ai.com/)

Our publications on ICML 2019 are

* Anomaly Detection With Multiple-Hypotheses Predictions¬† -¬† Duc Tam Nguyen, Zhongyu Lou, Michael Klar, Thomas Brox
* Recurrent Kalman Networks: Factorized Inference in High-Dimensional Deep Feature Spaces¬† -¬† Philipp Becker, Harit Pandya, Gregor Gebhardt, Cheng¬† Zhao, C. James¬† Taylor, Gerhard Neumann
* Learning Hawkes Processes Under Synchronization Noise¬† -¬† William Trouleau, Jalal Etesami, Matthias Grossglauser, Negar Kiyavash, Patrick Thiran
* Certified Adversarial Robustness via Randomized Smoothing¬† -¬† Jeremy Cohen, Elan Rosenfeld, Zico Kolter
* SATNet: Bridging deep learning and logical reasoning using a differentiable satisfiability solver¬† -¬† Po-Wei Wang, Priya Donti, Bryan Wilder, Zico Kolter
* Projections for Approximate Policy Iteration Algorithms¬† -¬† Riad Akrour, Joni Pajarinen, Jan Peters, Gerhard Neumann
* Emerging Convolutions for Generative Normalizing Flows¬† -¬† Emiel Hoogeboom, Rianne Van den Berg, Max Welling
* Trajectory-Based Off-Policy Deep Reinforcement Learning¬† -¬† Andreas Doerr, Michael Volpp, Marc Toussaint, Sebastian Trimpe, Christian Daniel
* GOODE: A Gaussian Off-The-Shelf Ordinary Differential Equation Solver¬† -¬† David John, Vincent Heuveline, Michael Schober
* Wasserstein Adversarial Examples via Projected Sinkhorn Iterations¬† -¬† Eric Wong, Frank Schmidt, Zico Kolter
* Adversarial camera stickers: A physical camera-based attack on deep learning systems¬† -¬† Juncheng Li, Frank Schmidt, Zico Kolter

# Disclaimer

Cleaning the website data, in particular the affiliations is a tedious, manual process, since many different and not necessarily unambiguous notations and abbreviations exist for many institutes.",173
flow,Flow,"I would like to know if you have a favourite of the ones below or another

&#x200B;

SACRED [https://github.com/IDSIA/sacred](https://github.com/IDSIA/sacred)

Weights and Biases[https://www.wandb.com/](https://www.wandb.com/)

ML Flow [https://mlflow.org/](https://mlflow.org/)

comet ml [https://www.comet.ml/](https://www.comet.ml/)

Neptune-ml [https://neptune.ml/](https://neptune.ml/)

Studio[https://github.com/studioml/studio](https://github.com/studioml/studio)

Datmo[https://github.com/datmo/datmo](https://github.com/datmo/datmo)

Lore[https://github.com/instacart/lore](https://github.com/instacart/lore)

FORGE [https://github.com/akosiorek/forge](https://github.com/akosiorek/forge)

Sumatra [https://pythonhosted.org/Sumatra/](https://pythonhosted.org/Sumatra/)

RandOpt[https://github.com/seba-1511/randopt](https://github.com/seba-1511/randopt)

Pachyderm[https://github.com/pachyderm/pachyderm](https://github.com/pachyderm/pachyderm)

feature Forge[https://github.com/machinalis/featureforge](https://github.com/machinalis/featureforge)

ModelChimp[https://github.com/ModelChimp/modelchimp](https://github.com/ModelChimp/modelchimp)

PolyAxon[https://github.com/polyaxon/polyaxon](https://github.com/polyaxon/polyaxon)

Kubeflow[https://github.com/kubeflow/kubeflow](https://github.com/kubeflow/kubeflow)

Optuna [https://optuna.readthedocs.io/en/stable/](https://optuna.readthedocs.io/en/stable/)

Valohai [https://valohai.com/](https://valohai.com/)

&#x200B;

ps: This maybe a repost but it is worth revisiting this topic since new frameworks are out.",45
flow,Flows,"Finally, what are Continuous Normalizing Flows derived in the paper.",6
flow,Flows,"Euler, RK2 and RK4
* jupyter notebooks which show how to implement black-box ODE solver, integrate NN with it, how to use adjoint method to optimize bullet trajectory etc
* re-implementation of Continuous Normalizing Flows:

*Processing img pjoslv7xrto21...*

&#x200B;.Not sure if this is too meta for /r/MachineLearning, but /u/badmephisto (Andrej Karpathy) from OpenAI just posted trained weights for a model at a users request in less than 3 hours:

https://www.reddit.com/r/MachineLearning/comments/5ivho9/p_tensorflow_implementation_of_pixelcnn_openai/dbblpzl/?context=10000

Just wanted to say the amount of openness and collaboration from this community is fantastic..Hi r/MachineLearning!",37
flow,flow,"With PyWarm, you can put all network data flow logic in the `forward()` method of your model, without the need to define children modules in the `__init__()` method and then call it again in the `forward()`.",9
flow,flow,"I‚Äôve been surfing YouTube and found all these videos of people using tensor flow and then some creating neural networks, using sigmoid functions and a bunch of things.",15
flow,flow,"**Tensor flow Fundamentals :**
   1.",3
flow,flow,Thanks..Automatic text summarisation is the task of shortening the given piece of text yet retaining the main crux and flow.,21
flow,flow,Have you created any pipelines for data flow?.Is it worthy to study optimization technique for deep learning nowaday?,7
flow,flow,"&#x200B;

[Here's an example of the type of legislative text](http://www.bclaws.ca/civix/document/id/complete/statreg/96244_01#section43) I need to turn into a visually-understood process flow:.",31
flow,Flow,I've seen this used in Google Analytics in their Behavior Flow.,11
flow,flow,"Some of the themes I'll cover are:

* How to avoid ""Choose Your Own Adventure"" style code, which depends on flow control instead of data structures.",25
flow,flow,As i learn about webscraping instead of building(copying) the program my tutor was making i instead decided to create a scraper on a different website.Theres a site called polar flow where running data from sport watches are stored.,32
flow,flow,"My only concern was getting the output I wanted with minimum investment, and being able to describe the control flow steps to my son.",20
flow,flow,"When i'm coding, I get into a flow state and I don't feel anxious, don't think about suicide, and don't feel the need to drink.",9
flow,flow,"## Pick the topic you're passionate about

To achieve what suppose to be ""impossible"" at the beginning, you need something the scientists call ""the flow"".",30
flow,flow,"** Once you get into the flow, stay there as long as you can.",7
flow,flow,I am sure there are other similar tools (not necessarily about code flow visualization) that could benefit beginners and intermediate programmers alike.,13
flow,flow,"The feeling of learning, the focused and productive flow state, satisfaction of building something and frequent feelings of elation with each little problem solved during the coding process, were all packed into a 3 hour coding session today, from conception of the idea to completion and implementation.",9
flow,flow,"If you build a flow which assumes a 100% success rate, you _will_ have to re-write a lot of code later when you discover such rate doesn't exist in the real world.",4
flow,flow,"Is it better to follow my current flow and refresh myself with google examples when I'm stuck, or get pro on one topic then move next?.I finally got my act together and put together my first working Python program.",7
flow,flow,"Nothing sucks like opening a messy, comment-free script and having to painstakingly reverse engineer it line-by-line just to understand the signal flow.",22
flow,flow,Are there any good resources for learning Data Structures and Algorithms ?It is becoming stupid that I could solve the problem linearly but couldn't do it in time for larger input cases and its frustrating..I started this course yesterday and got through section 1: python basics then started section 2 flow control.,55
flow,flow,"Please ask questions and upvote on Kaggle :)

https://www.kaggle.com/daveianhickey/how-to-folium-for-maps-heatmaps-time-data/

You can also click through to the original data set, it has traffic data on 1.6million accidents and traffic flow.",32
flow,flow,"I've come along with this useful exercises for beginners like me, and I believe it could be useful for other people, so here is the link: [http://www.ling.gu.se/~lager/python_exercises.html](http://www.ling.gu.se/~lager/python_exercises.html)..I'm going through Codecademy's Python 3 course (pro with exercises, projects etc) and I've diligently gone through syntax control flow functions lists and now i'm at the end of loops on the coding challenges and It seems like i'm not able to complete any of the tasks without looking at the solution.",66
flow,flow,"**

We expect you to know the basics about programming (basic control flow structures; if, for, while, etc).",14
flow,flow,"Also, does anyone know how to get keras to flow from directory for images?",10
flow,flow,How should my flow look like for optimal productivity?,3
flow,flow,"A potential flow would look like: Use SQL to grab a .csv of a subset of some interesting dataset, make a notebook for exploration.",2
flow,flow,"An implementation that uses Python's threading is outlined below:

```py

class A:
    # This method is spawned using Python's threading library
    def run_queue(self, input_queue, output_queue):
        while True:
            img = input_queue.get()
            start_time = time.time()
            output = self.run(img)  
            time_diff = time.time() - start_time # Supposedly 100 ms for class A, and 50 ms for class B


# in main program flow:            
# Assume that a_input_queue and a_output_queue are tied to an instance of class A
# And similar for class B

img = cap.read()[1]
a_input_queue.put(img)
b_input_queue.put(img)

start_time = time.time()
a_output = a_output_queue.get()  # Should take 100 ms
b_output = b_output_queue.get()  # B.run() should take 50 ms, but since it started at the same time as A.run(), this get() should effectively return immediately
time_diff = time.time() - start_time  # Should theoretically be 100 ms
```
So theoretically, we should only be bottlenecked by A, and end up with 100 ms for the whole system.",81
flow,flow,I'm a PhD student in hydraulics and I'll use signal processing to detect turbulence in a flow.,18
flow,flow,"Thank you!.In many cases, when a neural network is evaluated, data will flow from the input to the output in a single pass.",16
flow,flow,"I'd like to have a web map, which shows the flow rate between the different teams.",12
flow,flow,"204 308 343 402 455 455 520 520 526 526 529 530 533 534 535 540 540 545 600 611 615 615 629 638 640 641 650 705 707 715 717 718 720 721 729 730 733 749 752 752 752 755 755 808 817 819 823 829 830 831 835 842 843 850 851 852 858 902 906 906 907 907 909 911 911 914 915 918 922 924 927 928 928 930 931 935 941 946 949 958 1000 1002 1005 1008 1011 1012 1015 1015 1020 1024 1024 1030 1039 1126 1608 1642 1758
    

.Hi,
I have 20 time series data sets from some temperature, pressure and flow sensors.",112
flow,flow,"And see what the flow would look like?..Super vague title so I'll get right to the heart of it:

There's a somewhat popular game called [Warframe](https://warframe.com/) which I've taken an interest in and I'm currently working on an article which goes over the update history/cycle of the game.",4
flow,flows,Thank you!.I'm looking for a diagram to show flows between stages with the additional context of how much input flow each stage *could* accommodate.,11
flow,flow,Thank you!.I'm looking for a diagram to show flows between stages with the additional context of how much input flow each stage *could* accommodate.,22
flow,flows,I recently stumbled over sankey diagrams in r/dataisbeautiful and used some of the referenced web tools to visualize ticket flows in IT service management.,19
flow,Flow,"[Getting Into A Causal Flow](https://www.causalflows.com/introduction/)

I've posted a variety of articles covering the expanse of causal inference literature so be sure to check out the full site if you're interested in learning more!.Hi everyone, I hope you're all well.",5
flow,flows,"I have some basic experience writing stored procedures for ETL flows and optimizing queries by analyzing Execution Plans, but aside from Querying, that's largely the extent of my Database experience.",10
flow,flow,"&#x200B;

Day 3 will be about Definitions (Clustered, Unique, NonClustered indices) for proper physical storage (all tables have no clustered index right now), Data Stewardship and Change Management (Views for controlling data flow, procedures -insert/update/delete- and functions for consistent access of data).",43
flow,flow,Day 3 (4+- hours) has produced all of the views and Insert/Update/Delete procedures that I need to be able to effectively implement a Change Management flow for the data.,27
flow,Flow,One of the tools that was beginning to be used heavily was Microsoft Flow.,13
flow,Flow,Flow and Azure Data Factory were beginning to take over SSIS and everything from Sharepoint lists to files off of OneDrive was ETL'd through Flow.,0
flow,Flow,Flow and Azure Data Factory were beginning to take over SSIS and everything from Sharepoint lists to files off of OneDrive was ETL'd through Flow.,25
flow,Flow,Wanting to hear others opinions on Microsoft Flow and if you use it over/in tandem with SSIS.,7
flow,Flow,"Overall, Microsoft Flow seems to be more adept with Microsoft's newer offerings.",3
flow,flow,Here is a diagram of how I imagine the [process flow](https://i.imgur.com/HH7DWpa.png).,11
flow,flow,Is the flow generally OK?,2
flow,flowing,"It that edition:

 \-Meta-Learning to Generate RL Models 

\-Self-Supervised Learning for Image Classification 

\-Data-Efficient RL -

\-LinkedIn‚Äôs LIquid -

\-TensorFlow Lite XNNPACK Integration

\-and recent investment money flowing into AI startups

Hope you'll find it useful

[https://thesequence.substack.com/p/thesequence-scope-the-challenge-of](https://thesequence.substack.com/p/thesequence-scope-the-challenge-of)......Google recently introduce Flax ‚Äî a neural network library for JAX that is designed for flexibility.",30
flow,flows,I'm thinking of making it into a DAG to guarantee that input flows through the graph and to the output.,13
flow,flow,**UPDATE ON Me 6/24/2019 6:30pm**  I got banned because of the traffic flow and how many up/down votes this sub got in a variable amount of time.,16
flow,flow,"**Tensor flow Fundamentals :**
   1.",3
grow,grow,"As you grow in your career, especially past the *Senior* level, your ability to influence your peers, and leaders matters a lot more than your technical competency.",2
grow,grow,By no means was I going to do any advanced stuff at work so I needed to start doing it on my own if I wanted to grow.,27
grow,grow,"Are you someone who is a joy to mentor, support, and watch grow?",14
grow,grow,We all have areas to grow.,5
grow,grow,"I‚Äôm working on  the Shared Rides business, and work on building products that grow the business.",16
grow,grown,I'm well compensated but I've really grown to hate my career.,8
grow,growing,"The availability of good programmers is growing every year, especially with most software tools being freely available and huge competition from programmers from developing countries such as India and China.",6
grow,growing,"With my skill-set quickly growing, I began applying to jobs about 3 months ago.",4
grow,growing,"Thanks,

Alex..There have been several posts lately about the apparently growing trend for data scientist jobs to have engineering requirements.",13
grow,growing,A growing number of companies have products which rely on making recommendations or decisions at scale and rely on ML to make those decisions.,1
grow,grow,"Another example is that as decision making systems evolve, their complexities grow.",12
grow,grows,"Does this cover it, or is there more that's expect to know of the get go?..Hi everyone,

I'm looking for the collective help of Reddit as I came across a very interesting article a year or so ago which seemed to outline the needs and hires required for each of the stages of an organization and it grows.",64
grow,growing,"Read more: [Radioactive Data: Facebook AI Knows Where You Got Your Training Dataset](https://medium.com/syncedreview/radioactive-data-facebook-ai-knows-where-you-got-your-training-dataset-825d062a6f4c).With all the controversy regarding machine learning reflecting racial biases, the mis-handling of data, increasing security threats and growing public concern on how private data is used, should data science training include a stronger focus on ethics?",42
grow,grown,"R is an **organically grown** language that is not always lexically consistent, so it can be a bit quirky.",6
grow,grow,* The data science field is really hot and will surely continue to grow for many years to come.,13
grow,grew,Responsibilities grew to that of a normal Senior Data Scientist within 6 months and will double by the beginning of next year.,1
grow,grow,"I want to accept the increased responsibilities, but I myself am not sure whether I can handle everything; I feel like my current limit is 5-6 products, but I did grow from struggling with 1 product to comfortably handling 3 products in 4 months.",33
grow,growing,"Thus, there's also a local vs regional component to my issue..I have an interview at a small (500 employee) but growing tech company that wants to hire a data engineer to build their data warehouse from scratch.",26
grow,grow,"Should I just take this, grow in this side and hope to find something in the future?",6
grow,grown,"The program started with just 8 fellows 8 years ago and has now grown to a program that graduates 1,000 alumni per year in 6 cities and 8 different disciplines‚Äî not just data science but data engineering, AI, DevOps, Health Data, Data Product Management, Crypto and Security fields too.",13
grow,grow,I would have the opportunity to grow the team (we are 4 now) and it goes without saying that the salary would get adjusted accordingly.,6
grow,grow,Alternatively I could just continue to grow as a data scientist.,6
grow,growing,**The good**: TDI has built a fairly large partner network and it is ever growing.,19
grow,grown,"Unbeknownst to team X, the original Bayesian risk analysis project has now grown into a multimillion dollar major overhaul initiative, which included the eventual replacement of all of the tools and functions supported by team X along with the necessary migration to the cloud.",13
grow,grown,"Below is the article:*

**Stand Up for Best Practices:
Misuse of Deep Learning in Nature‚Äôs Earthquake Aftershock Paper**

**The Dangers of Machine Learning Hype**

Practitioners of AI, machine learning, predictive modeling, and data science have grown enormously over the last few years.",51
grow,growing,What was once a niche field defined by its blend of knowledge is becoming a rapidly growing profession.,16
grow,grow,"As the excitement around AI continues to grow, the new wave of ML augmentation, automation, and GUI tools will lead to even more growth in the number of people trying to build predictive models.",7
grow,grow,We need good machine learning practices if we want our field to continue to grow and maintain credibility.,14
grow,growing,I‚Äôm sure the growing profit margins and money that‚Äôs flowing in from all our work is more than satisfactory for the company leadership / investors to not have any issues with all this.,5
grow,growing,"*....Hi all,


/r/machinelearning is growing rampantly, with over a thousand new subscribers *every day*.",7
grow,grows,"As our community grows, it is important to have fertile ground for newcomers to learn the ropes.",3
grow,grow,"We are planning to grow this with various interesting topics including, optimisation, deep RL, probabilistic modelling, normalising flows, deep learning, and many others.",4
grow,growing,"[https://www.reddit.com/r/Python/comments/g484d4/today\_im\_releasing\_pyboy\_v100\_a\_game\_boy\_emulator/](https://www.reddit.com/r/Python/comments/g484d4/today_im_releasing_pyboy_v100_a_game_boy_emulator/).From their [page](https://iclr.cc/Conferences/2020/virtual):

# ICLR2020 as a Fully Virtual Conference

Due to growing concerns about COVID-19, ICLR2020 will cancel its physical conference this year, instead shifting to a fully virtual conference.",30
grow,grown,"What started as a small community of hobbyists has grown to be one of the largest series of AI workshops in Romania, connecting students and developers in monthly events facilitated by speakers from local universities and companies.",9
grow,growing,"There is *a large and growing number of authors, who cannot attend and present their scientific work*, because the U.S. government treats their profiles as suspicious, despite their academic results.",6
grow,grown,"It raised $2.7M in early 2017 and $12M in 2018, both rounds led by Seattle‚Äôs Madrona Venture Group, and has steadily grown its local operations and areas of business.",27
grow,grows,"It is possible that Google can wait until your company grows up and come back to sue you, which could potentially make you or your institution liable for consequences and damages, not Google.‚Äù...Hi all,

&#x200B;

Hope this is not considered spammy, genuinely think it's of interest to the community of this subreddit.",10
grow,grow,"astonishingly, the recent [Turing award laudation](https://amturing.acm.org/) refers to Yann's variants of backpropagation and Geoff's computational experiments with backpropagation, without clarifying that the method was invented by others

in the [GAN thread](https://www.reddit.com/r/MachineLearning/comments/djju8a/d_jurgen_schmidhuber_really_had_gans_in_1990/) someone wrote that ""LeCun quipped that backpropagation was invented by Leibniz because it's just the chain rule of derivation"" but that's a red herring, Linnainmaa's reverse mode backpropagation is more specific than that, it is the efficient recursive chain rule for graphs, Leibniz did not have that

[section 3 of the blog](http://people.idsia.ch/~juergen/deep-learning-miraculous-year-1990-1991.html#Sec.%203) mentions Linnainmaa again in the context of Sepp Hochreiter's 1991 thesis [VAN1](http://people.idsia.ch/~juergen/SeppHochreiter1991ThesisAdvisorSchmidhuber.pdf) which

> formally showed that deep NNs suffer from the now famous problem of vanishing or exploding gradients: in typical deep or recurrent networks, back-propagated error signals either shrink rapidly, or grow out of bounds.",174
grow,grow,"That said, my confidence did grow with time and I noticed that almost every question asked was from the easy and medium collection from [this question bank](https://leetcode.com/explore/interview/card/top-interview-questions-easy/).",6
grow,growing,"Other Transformers include GPT-2, ERNIE, and the list is growing.",11
grow,growing,"‚ÄúWe provide the software, they provide the rest of the systems.‚Äù

Logistics-sector appetite for such technology is growing as distribution and fulfillment operations that have relied on human labor look to speed output and meet rising digital commerce demand.",20
grow,growing,"Here's what I gather from the responses below (with arXiv references):

* Large batch sizes ([1809.11096](https://arxiv.org/pdf/1809.11096))
* Data Augmentation ([2006.10738](https://arxiv.org/pdf/2006.10738))
* Higher learning rate/more iterations for the discriminator ([1706.08500](https://arxiv.org/pdf/1706.08500))
* R1/grad penalty ([1801.04406](https://arxiv.org/pdf/1801.04406), [1704.00028](https://arxiv.org/pdf/1704.00028))
* Cosine LR schedule ([1806.04498](https://arxiv.org/pdf/1806.04498), [1801.04406](https://arxiv.org/pdf/1801.04406), [1905.00094](https://arxiv.org/pdf/1905.00094))
* Discriminator on patches ([1611.07004](https://arxiv.org/pdf/1611.07004))
* Truncating latent samples ([1809.11096](https://arxiv.org/pdf/1809.11096))
* Multiscale gradients ([1903.06048](https://arxiv.org/pdf/1903.06048), [1912.04958](https://arxiv.org/pdf/1912.04958))
* Averaging for evaluation of generator ([1806.04498](https://arxiv.org/pdf/1806.04498))
* Add noise at multiple levels ([1812.04948](https://arxiv.org/pdf/1812.04948))
* Latent Optimization ([1912.00953](https://arxiv.org/pdf/1912.00953), [1707.05776](https://arxiv.org/pdf/1707.05776))
* Relativistic Discriminator ([1807.00734](https://arxiv.org/pdf/1807.00734))
* Spectral Norm with hinge loss ([1802.05957](https://arxiv.org/pdf/1802.05957))
* Memory replay ([1809.02058](https://arxiv.org/pdf/1809.02058))
* Progressively growing samples ([1710.10196](https://arxiv.org/pdf/1710.10196))
* Conditional Batchnorm (with labeled datasets) ([1810.01365](https://arxiv.org/pdf/1810.01365))
* Regularizing the Discriminator ([1910.12027](https://arxiv.org/pdf/1910.12027))
* Conditional GANs ([1611.07004](https://arxiv.org/pdf/1611.07004))
* Additional Losses ([1901.08753](https://arxiv.org/pdf/1901.08753)).The NLP community has been focusing a lot on chasing the SOTA on standard and recent leaderboards (GLUE, SentEval...) over the recent years.",262
grow,growing,"In particular, we redesign generator normalization, revisit progressive growing, and regularize the generator to encourage good conditioning in the mapping from latent vectors to images.",10
grow,grow,"Again--I'll never grow tired of saying it--@z/@x depends on all the inputs x_0, y_0, and W_0 because we need to compute the derivative wrt x at the point (x_0,y_0,W_0).",5
grow,grow,I‚Äôm seeing my friends from undergrad grow in their careers (and in their skillsets as engineers) while I sit in the lab 24/7 trying to crank out another paper.,8
grow,growing,"Let's do this üöÄüöÄ

&#x200B;

\[Edited 4\]

Since there is more growing interest and people who might be interested in other talks, feel free to leave your info the the google form above ([https://forms.gle/wSXexXSBj5e5267G8](https://forms.gle/wSXexXSBj5e5267G8)) and I will send out an update via email when more free lectures in similar topics are scheduled..*(for reference:* [*https://www.reddit.com/r/datascience/comments/eld2yp/what\_do\_you\_call\_a\_group\_of\_data\_scientists/*](https://www.reddit.com/r/datascience/comments/eld2yp/what_do_you_call_a_group_of_data_scientists/)*)*

CLUSTER is your winner!",18
grow,grew,"&#x200B;

Update2:Since group grew far too quickly than expected - it wasn't possible to manage things on Telegram.",8
grow,growing,"I am interested in machine learning because I have seen many interesting applications with machine learning, and I expect it to be a growing field.",24
grow,growing,"I've tried with a custom model trained on my (growing) corpus of 600k articles using word2vec and fasttext, as well as a model pretrained on Google News.",11
grow,grow,"I need to indentify the actions (suspend, dilute, grow), ingredients (mating mixture, 10 mM MgSO4) and meta-actions to obtain the method used in a ordered and more simple way.",11
grow,grows,"Naively, I would that as the n grows, the sparsity of the word-document matrix will grow exponentially.",8
grow,grow,"Naively, I would that as the n grows, the sparsity of the word-document matrix will grow exponentially.",17
grow,growing,"And what publications are the most  valued in the professional and the academic world?..Hi everybody,

In the last few months, I spent a lot of time working on semi-supervised learning (SSL), and seeing the rising interest in SSL approaches in deep learning, I thought I create a list [*] of SSL resources to make navigating the growing number of papers easier.",67
grow,growing,They also restructure their AdaIN layers and remove progressive growing to remove artifacts associated with StyleGAN images.,9
grow,growing,"There is a growing urgency for these approaches because of the rapid acceleration in new coronavirus literature, making it difficult for the medical research community to keep up.",3
grow,growing,"There is a growing urgency for these approaches because of the rapid increase in coronavirus literature, making it difficult for the medical community to keep up.",3
grow,growing,"*

You  can find more informations about data collection on my GitHub  repository here : [Github nba-predictor repo link](https://github.com/Nathanlauga/nba-predictor)

If you have any suggestions I will gladly read them and try to improve the dataset.....Our DaaS platform Quandl is a free and open index of currently over 4 million datasets that is growing daily.",61
grow,grow,"The amount of funding needed to see this through will be in the range of $30-$40 thousand dollars, but Pineapplefund's contribution is enough to get the framework together and create an expandable server that can grow over time.",40
grow,growing,And let me know if you find it useful so I can motivate myself to keep growing the index.,16
grow,growing,"Have been scrapping for about 2 months now and wanted to share this dataset with you (270Mb uncompressed and growing, more than 2.5M rows).",20
grow,growing,"More information and data sources here:  [http://np.reddit.com/r/dataisbeautiful/comments/d0u6fc/oc\_how\_dangerous\_cleaning\_the\_chernobyl\_reactor/](http://np.reddit.com/r/dataisbeautiful/comments/d0u6fc/oc_how_dangerous_cleaning_the_chernobyl_reactor/).I have a time series data with 4 layers of nesting (say - world population , 1 country population , 1 state population and 1 city population) I want to highlight that the city population is growing.",55
grow,growing,"Some flash-charts also have animation effects (bounce effect, growing effect) and offer users a possibility to export the chart as an image.",10
grow,grew,"Over the last 13 years though, I've learned python and other languages mostly the hard way, but I've also done a ton of reading academic textbooks because that's how I grew up and learned music theory.",35
grow,grow,"I don't know where it makes more sense to create classes, when to split my script to two or more files and things like that, as my projects grow in size i get the feeling that my code is like a giant with glass legs one little thing goes wrong and the whole thing colapses and sometimes i have to rewrite whole sections just to make it work.",31
grow,grows,It grows and grows and grows.,1
grow,grows,It grows and grows and grows.,3
grow,grows,It grows and grows and grows.,5
grow,grow,"Being so new, I am just trying to learn and grow.",11
grow,grow,I really can‚Äôt wait for the opportunity to focus on this stuff full time and really begin to grow.,20
grow,growing,Hope us growing better!.I'm a few weeks into my journey learning Python.,2
grow,grow,"and so fare this place has actualy helped me grow so quickly and i just wanted to say thanks   


it's nice to be a part of something positive like this and i look forward to the day where my knowlidge aand experience can help some1 on their journey  


don't give up on yourselves guys... you can do it.I was wondering whether you guys keep a handy cheat sheet when y'all code.",9
grow,grow,"I am also extremely good at copy and pasting ;)

Had anyone got any basic project ideas that will build me into being able to grow and expand both my python and basic MySQL knowledge?",26
grow,growing,Guys add me to your friend list if you are interested in helping each other and growing together.üòÄ Hoping some Dms.So these are the projects that i was able to finish over the last year.,16
grow,grown,"We're 7 grown up individuals who celebrate Christmas together and to limit the stress we decided that each individual only buys one present, to one person.",3
grow,grow,They should grow into the hundreds.,2
grow,grow,It will help you grow MUCH FASTER than any tutorial or youtube videos or whatever.,4
grow,grow,I want to grow!,3
grow,growing,I want to be there for my kid growing up.,8
grow,growing,"It's still early, but I've already made three pull requests and I'm definitely excited to be a big part of a small, (but fast growing) company!",30
grow,grow,I'm trying to learn and grow by posting my bigger projects here.,6
grow,growing,"I am a Chef, and for 40-60 hours a week, I am on my feet sweating, running around trying to ""cut the grass"" but it's always growing faster than my metaphorical \*mower\* can handle.",32
grow,grow,"Most of the people here will already know all of this already as it's pretty basic, but it was so fundamental for me to grow exponentially as a programmer and I had to express it!.Just wrote my first simple [Python script](https://github.com/seismatica/automate/blob/master/pdf_reorder/reorder.py) after a month doing boring problems in online courses.",26
grow,grow,"From my understanding it's not ""Pythonic"" , but it can be more efficient when working with larger data sets as you don't have to constantly grow the list.",29
grow,grown,Just in five days our community has grown from 0 to 6.1k members.,7
grow,grows,I noticed that the mean of weights for each linear layer always grows and always slowly.,12
grow,growing,"I am diving into second year of my graduate studies \(most of my knowledge about data science has been in the past 7 months and I have tried covering a lot of topics, so now i wanted to focus on just one\) and now I feel i could concentrate on one of these growing fields using deep learning.",57
grow,grown,I‚Äôve grown to learn that there is huge potential in applying Machine learning and AI to aerospace products/manufacturing.,3
grow,growing,"My brand is growing its market share in each of these three segments, but because Trucks and Motorcycles (which I have a weak market share of) are growing much faster than Cars (which I have a high market share of) overall I am losing market share.",3
grow,growing,"My brand is growing its market share in each of these three segments, but because Trucks and Motorcycles (which I have a weak market share of) are growing much faster than Cars (which I have a high market share of) overall I am losing market share.",30
grow,growing,Would be nice to have something visually pleasing and easy to understand - which will hopefully help to spread the knowledge of the gross and growing disparity of wealth between the rich and the rest of us.,25
grow,grow,"Most states, the electors may just pick a president despite popular vote..I'm interested in how things have changed over the past ~60 years in terms of what kids want to be when they grow up.",37
grow,grow,"I am just beginning tracking my meditation, so it will obviously grow as time goes on!",12
grow,grow,It needs to fit on an A4 sheet and be fun to fill in and watch grow towards completion.,16
grow,grew,Our managment grew fond of them quite quickly and we want to make them a standard tool.,2
grow,grow,"Admittedly, this might be a temporary solution, because the number of PMs will grow, as will the # of programs.",15
grow,grown,"I completely changed course, spoke with a grown up (i.e.",8
grow,growing,I've done some research on data science and apparently Python seems to be growing faster in the industry and in academia alike.,14
grow,grow,"If any of you have significant experience with this already, and would love to help out all of us, please let me know and I'd honestly be happy to have you!.https://www.bls.gov/ooh/fastest-growing.htm

Statisticians are expected to grow by 34%, and have a 2016 median pay of $80,500.",42
grow,grow,"Mathematicians are expected to grow by 30% and have a 2016 median pay of $105,810.",4
grow,grow,I enjoy the analytics side and would like to continue to grow in my knowledge of coding as well.,11
grow,grow,‚ÄúAI‚Äù as we know it did not grow out of the statistics community.,9
grow,grow,"*if at any point all remaining players don‚Äôt achieve a total above 17.5, having used their three rolls, in the same round, then it‚Äôs a one tie/all tie situation and the game continues with no one being eliminated

As you can see, the pot can grow to a large amount quickly and the decision to fold or buy additional rolls becomes more difficult to determine.",54
grow,growing,"......The questions and messages brought from my cert post, my growing subscribers on my master data management series...

How much interest is there to have a series dedicated to a cert.",12
grow,grow,"***The advice I have been given is to first get a job as a data analyst***, then as I am working I can continue to grow my database skills and go elsewhere such as database development.",32
grow,grow,"I have to grow into this role, I feel like an imposter.",3
grow,grow,"I guess my reason for posting this is just to let the community know where I‚Äôm at, and ask for any encouragement and insight into how to go about feeling as if I‚Äôve earned this promotion and how to competently grow into it.",45
grow,grow,"What are y'all's thoughts on getting the mods to create a stickied post so the community can post and grow a central ""database"" of helpful resources for the SQL newcomers?",20
grow,grow,"Also, what is a good entry level job that will grow reinforce what I know and help me grow?",11
grow,grow,"Also, what is a good entry level job that will grow reinforce what I know and help me grow?",19
grow,grow,"The username is ""Neuromancer420""  [Username data found here](https://redditmetis.com/user/neuromancer420)  
>  
>The most frequently used words in their online posts are the following:  
>  
>Ai, human, humans, step, agi, mind, brain, experience, time, universe, energy, back, intelligence, people, point, create, nature, consciousness, long, feel, make, conversation, machine, understand, imagine, question, creating, data, part, library, body, directly, fourth, complex, humanity, good, find, interact, future, things, agency, box, important, sixth, life, love, minds, form, sounds, idea, place, process, reddit, game, pure, nice, interesting, work, state, sense, access, greater, answer, problem, power, robot, agree, network, matter, works, system, continue, reality, ability, function, conscious, send, outcome, end, experiences, world, great, room, marriage, post, thing, reason, video, combined, powers, cease, rights, lot, relationship, thinking, challenge, play, thought, black, past, pretty, wo, attempt, years, hope, computer, china, making, original, information, books, utility, man, hard, powerful, choices, big, start, developing, amount, meaning, steps, survive, TRUE, brains, interfaces, default, happen, created, similar, season, show, technology, science, mode, comprehend, ultimately, networks, open, small, called, talking, makes, artificial, working, interested, live, average, describe, bad, made, remember, real, model, change, basically, beings, neural, perception, ways, difficult, general, increase, grow, population, entire, base, singularity, lives, large, learn, physical, run, year, quickly, weird, choose, put, extremely, simply, knowledge, tony, michele, massive, death, revolution, biopsychosocial, creation, connected, program, hole, dangerous, top, times, processes, realities, exist, purpose, travel  
>  
>Ok GPT-3, that was the list.",360
grow,grow,He works there for 7 years before starting to grow concerned about the effects of AI on humanity.,9
grow,growing,"Known for his work in computer science, mathematics, and theoretical physics, Wolfram announced this week that he may have found a path that leads to a fundamental theory of physics, and that it is ‚Äúbeautiful.‚Äù

Read more: [Stephen Wolfram: The Path to a Fundamental Theory of Physics May Begin With a Hypergraph](https://medium.com/syncedreview/stephen-wolfram-the-path-to-a-fundamental-theory-of-physics-may-begin-with-a-hypergraph-c1fd124b6e62).Elsevier publications have been delayed so I have posted a preprint of my paper:

The Perception‚ÄìAction Hierarchy and its Implementation Using Binons (Binary Neurons)

It's online at my website: http://www.adaptroninc.com/BasicPage/p-hierarchy

Binons form a growing feedforward neural network.....Hello guys, I'm very fascinated for the ideia of replicate the neural architeture (even being rudimentary comparatively), but I actually interested in how the mathematics is important in this research field, beacause I see a lot tutorials teachin things like: ""how to make a neural networks for recognition of cats using that model"" and do not explain the background this algorithms(proofs mathematics of how it works).",107
grow,GROW,"In other words, I'd like to GROW a neural network, perhaps randomly, in iterative cycles.",8
grow,grow,"I want to write a test suite for this function and I want to grow a neural network, iteratively, until it passes the test suite.",14
grow,grows,"Current SGD-based algorithms suffer from either a high computational cost that exponentially grows with number of GCN layers, or a large space requirement for keeping the entire graph and the embedding of each node in memory.",12
grow,growing,"We have a growing list of online and offline methods including:

* No API
* Javascript overlays
* Rendering to images
* Printing it all out, scanning it, faxing it and then scanning it again (yes, this has happened)
* Snail mail a hard drive (people still do this too)

What methods of data obfuscation have you used or encountered?",3
grow,grown,The sad part about today was when I found out the food being grown could not be used outside the farm and had to be incinerated.,13
burst,bursts,Also note that AlphaStar's effective APM bursts are sometimes higher than both players.,7
burst,burst,"There is a burst of 800 APM but it only lasts a fraction of a second and is most likely resulted from spam clicking, which I will be discussing shortly.",3
burst,bursts,"While arguably the fastest human player is able to sustain an impressive 500 APM, AlphaStar had bursts going up to 1500+.",17
burst,bursts,These inhuman 1000+ APM bursts sometimes lasted for 5 second stretches and were full of meaningful actions.,4
burst,bursts,[Another engagement in game 4](https://www.youtube.com/watch?v=cUTMhmVh1qs&t=2h11m32s) had bursts going up to a dizzying 1500+ APM.,17
burst,bursts,One of the commentators points out how the average APM is still acceptable but it is quite clear that the sustained bursts are way higher than what a human could do.,21
burst,burst,* It is incredibly unlikely that no one in Deepmind's Starcraft AI team questioned that burst APM of 1500+ was possible for a human player to replicate.,16
burst,bursts,At this point the AI is not allowed to have superhuman bursts of speed we saw in the demonstration.,11
burst,burst,"**
* **Maximum burst APM over a short period of time.",6
burst,bursts,"** Even if the speed bursts of the bot were capped, it could still perform almost instantaneous actions at some point during the time slice it was currently occupying and still perform in an inhuman way.",6
burst,burst,AlphaStars maximum burst APM has originally been restricted to closely resemble how fast a human spam clicks.,2
burst,bursts,"*

In order to speed up development they change APM restrictions to allow high bursts.",14
burst,bursts,"*

At first glance it looks reasonable to someone with a shallow understanding of Starcraft, but it allows for the superhuman bursts of speed we discussed earlier as well as the superhuman mouse precision.",22
burst,burst,The neat little effect this has is that TLO's APM's upper tail is masking AlphaStars burst APM and making it look reasonable to people who are not familiar with Starcraft.,17
